transaction_id,customer_id,product_id,amount,date
1,788,972,9582,2023-01-01 00:00:00
2,754,694,12660,2023-01-01 01:00:00
3,967,398,31486,2023-01-01 02:00:00
4,998,62,5800,2023-01-01 03:00:00
5,879,146,9504,2023-01-01 04:00:00
6,623,951,16800,2023-01-01 05:00:00
7,248,375,3829,2023-01-01 06:00:00
8,558,273,3020,2023-01-01 07:00:00
9,521,782,4710,2023-01-01 08:00:00
10,667,443,13143,2023-01-01 09:00:00
11,966,30,3906,2023-01-01 10:00:00
12,669,799,62,2023-01-01 11:00:00
13,937,33,2982,2023-01-01 12:00:00
14,993,710,4713,2023-01-01 13:00:00
15,458,884,6950,2023-01-01 14:00:00
16,759,579,6960,2023-01-01 15:00:00
17,461,937,5502,2023-01-01 16:00:00
18,567,501,14076,2023-01-01 17:00:00
19,865,15,10225,2023-01-01 18:00:00
20,364,484,22915,2023-01-01 19:00:00
21,105,377,22260,2023-01-01 20:00:00
22,578,980,12603,2023-01-01 21:00:00
23,660,22,3400,2023-01-01 22:00:00
24,494,86,23800,2023-01-01 23:00:00
25,393,528,10640,2023-01-02 00:00:00
26,471,435,20166,2023-01-02 01:00:00
27,579,746,30096,2023-01-02 02:00:00
28,429,32,5460,2023-01-02 03:00:00
29,402,800,7580,2023-01-02 04:00:00
30,737,948,2547,2023-01-02 05:00:00
31,780,248,15785,2023-01-02 06:00:00
32,645,51,8870,2023-01-02 07:00:00
33,146,551,6765,2023-01-02 08:00:00
34,908,562,2485,2023-01-02 09:00:00
35,439,99,3425,2023-01-02 10:00:00
36,567,722,17388,2023-01-02 11:00:00
37,702,883,1366,2023-01-02 12:00:00
38,740,819,2334,2023-01-02 13:00:00
39,673,770,26916,2023-01-02 14:00:00
40,564,218,24084,2023-01-02 15:00:00
41,698,932,14478,2023-01-02 16:00:00
42,966,9,275,2023-01-02 17:00:00
43,501,231,4976,2023-01-02 18:00:00
44,634,851,29043,2023-01-02 19:00:00
45,707,133,10461,2023-01-02 20:00:00
46,384,569,16420,2023-01-02 21:00:00
47,598,672,14030,2023-01-02 22:00:00
48,429,783,29754,2023-01-02 23:00:00
49,669,895,10311,2023-01-03 00:00:00
50,801,695,8265,2023-01-03 01:00:00
51,62,826,7200,2023-01-03 02:00:00
52,704,540,9552,2023-01-03 03:00:00
53,451,414,44460,2023-01-03 04:00:00
54,75,446,2100,2023-01-03 05:00:00
55,672,219,3456,2023-01-03 06:00:00
56,103,515,8586,2023-01-03 07:00:00
57,23,733,6092,2023-01-03 08:00:00
58,264,151,5298,2023-01-03 09:00:00
59,52,835,1820,2023-01-03 10:00:00
60,556,24,4550,2023-01-03 11:00:00
61,633,537,32778,2023-01-03 12:00:00
62,146,835,24426,2023-01-03 13:00:00
63,166,55,3144,2023-01-03 14:00:00
64,288,418,3879,2023-01-03 15:00:00
65,954,619,7030,2023-01-03 16:00:00
66,87,975,3951,2023-01-03 17:00:00
67,981,222,6888,2023-01-03 18:00:00
68,314,620,24320,2023-01-03 19:00:00
69,653,263,8918,2023-01-03 20:00:00
70,792,941,39033,2023-01-03 21:00:00
71,41,802,11478,2023-01-03 22:00:00
72,711,366,4772,2023-01-03 23:00:00
73,611,50,18585,2023-01-04 00:00:00
74,393,759,16832,2023-01-04 01:00:00
75,987,671,1440,2023-01-04 02:00:00
76,872,321,18648,2023-01-04 03:00:00
77,77,935,27916,2023-01-04 04:00:00
78,752,826,22827,2023-01-04 05:00:00
79,482,740,2165,2023-01-04 06:00:00
80,918,392,4344,2023-01-04 07:00:00
81,847,282,136,2023-01-04 08:00:00
82,463,182,29722,2023-01-04 09:00:00
83,7,749,13110,2023-01-04 10:00:00
84,976,909,14490,2023-01-04 11:00:00
85,26,635,10254,2023-01-04 12:00:00
86,777,990,250,2023-01-04 13:00:00
87,157,751,16614,2023-01-04 14:00:00
88,317,301,3244,2023-01-04 15:00:00
89,463,143,16029,2023-01-04 16:00:00
90,537,459,4764,2023-01-04 17:00:00
91,721,179,1092,2023-01-04 18:00:00
92,253,484,1914,2023-01-04 19:00:00
93,969,876,38088,2023-01-04 20:00:00
94,285,768,4850,2023-01-04 21:00:00
95,417,899,4711,2023-01-04 22:00:00
96,525,429,6265,2023-01-04 23:00:00
97,791,519,13095,2023-01-05 00:00:00
98,33,300,29344,2023-01-05 01:00:00
99,150,551,12678,2023-01-05 02:00:00
100,107,971,13566,2023-01-05 03:00:00
101,745,160,3246,2023-01-05 04:00:00
102,50,524,12816,2023-01-05 05:00:00
103,193,625,1082,2023-01-05 06:00:00
104,364,538,4564,2023-01-05 07:00:00
105,337,93,18540,2023-01-05 08:00:00
106,235,107,4710,2023-01-05 09:00:00
107,290,730,3640,2023-01-05 10:00:00
108,673,684,8895,2023-01-05 11:00:00
109,786,273,2858,2023-01-05 12:00:00
110,693,502,28903,2023-01-05 13:00:00
111,548,491,26721,2023-01-05 14:00:00
112,354,180,3404,2023-01-05 15:00:00
113,428,565,21468,2023-01-05 16:00:00
114,683,832,23970,2023-01-05 17:00:00
115,506,715,4376,2023-01-05 18:00:00
116,261,947,8048,2023-01-05 19:00:00
117,614,947,2948,2023-01-05 20:00:00
118,465,145,1194,2023-01-05 21:00:00
119,466,255,13221,2023-01-05 22:00:00
120,209,181,9624,2023-01-05 23:00:00
121,593,266,7038,2023-01-06 00:00:00
122,511,534,2788,2023-01-06 01:00:00
123,112,509,2540,2023-01-06 02:00:00
124,951,812,16184,2023-01-06 03:00:00
125,134,759,31056,2023-01-06 04:00:00
126,608,618,2241,2023-01-06 05:00:00
127,532,671,29202,2023-01-06 06:00:00
128,858,280,4509,2023-01-06 07:00:00
129,158,657,22330,2023-01-06 08:00:00
130,23,722,13626,2023-01-06 09:00:00
131,456,490,14896,2023-01-06 10:00:00
132,619,681,5855,2023-01-06 11:00:00
133,351,791,6258,2023-01-06 12:00:00
134,684,20,13038,2023-01-06 13:00:00
135,988,216,7984,2023-01-06 14:00:00
136,988,251,1596,2023-01-06 15:00:00
137,681,101,27666,2023-01-06 16:00:00
138,77,958,3324,2023-01-06 17:00:00
139,885,418,37184,2023-01-06 18:00:00
140,776,252,28404,2023-01-06 19:00:00
141,87,967,30289,2023-01-06 20:00:00
142,133,589,3561,2023-01-06 21:00:00
143,262,210,3610,2023-01-06 22:00:00
144,550,726,11163,2023-01-06 23:00:00
145,291,812,8770,2023-01-07 00:00:00
146,264,703,11343,2023-01-07 01:00:00
147,892,791,2665,2023-01-07 02:00:00
148,812,24,5022,2023-01-07 03:00:00
149,626,68,8844,2023-01-07 04:00:00
150,326,572,19086,2023-01-07 05:00:00
151,666,52,9200,2023-01-07 06:00:00
152,991,1,37920,2023-01-07 07:00:00
153,575,259,3118,2023-01-07 08:00:00
154,781,882,1474,2023-01-07 09:00:00
155,892,914,1160,2023-01-07 10:00:00
156,567,297,1498,2023-01-07 11:00:00
157,193,69,24010,2023-01-07 12:00:00
158,771,248,17964,2023-01-07 13:00:00
159,62,794,2817,2023-01-07 14:00:00
160,706,783,9528,2023-01-07 15:00:00
161,189,386,10024,2023-01-07 16:00:00
162,289,465,20704,2023-01-07 17:00:00
163,828,136,19548,2023-01-07 18:00:00
164,726,2,3195,2023-01-07 19:00:00
165,993,385,6114,2023-01-07 20:00:00
166,786,636,6492,2023-01-07 21:00:00
167,821,730,13647,2023-01-07 22:00:00
168,26,954,9576,2023-01-07 23:00:00
169,194,132,8154,2023-01-08 00:00:00
170,919,878,14349,2023-01-08 01:00:00
171,235,391,12712,2023-01-08 02:00:00
172,739,114,11226,2023-01-08 03:00:00
173,845,36,34832,2023-01-08 04:00:00
174,649,501,7308,2023-01-08 05:00:00
175,588,153,5224,2023-01-08 06:00:00
176,42,919,13800,2023-01-08 07:00:00
177,217,365,23481,2023-01-08 08:00:00
178,69,549,9348,2023-01-08 09:00:00
179,243,634,22059,2023-01-08 10:00:00
180,514,645,1558,2023-01-08 11:00:00
181,133,565,18988,2023-01-08 12:00:00
182,912,903,8782,2023-01-08 13:00:00
183,626,736,982,2023-01-08 14:00:00
184,342,675,28756,2023-01-08 15:00:00
185,621,140,894,2023-01-08 16:00:00
186,183,536,6738,2023-01-08 17:00:00
187,235,105,13465,2023-01-08 18:00:00
188,594,82,43047,2023-01-08 19:00:00
189,643,432,2632,2023-01-08 20:00:00
190,813,893,16390,2023-01-08 21:00:00
191,917,88,25140,2023-01-08 22:00:00
192,273,770,30800,2023-01-08 23:00:00
193,169,501,21942,2023-01-09 00:00:00
194,286,763,14724,2023-01-09 01:00:00
195,214,633,10388,2023-01-09 02:00:00
196,447,930,21208,2023-01-09 03:00:00
197,20,784,4296,2023-01-09 04:00:00
198,696,637,24444,2023-01-09 05:00:00
199,842,305,351,2023-01-09 06:00:00
200,947,38,34237,2023-01-09 07:00:00
201,648,731,3396,2023-01-09 08:00:00
202,245,854,2446,2023-01-09 09:00:00
203,247,159,20046,2023-01-09 10:00:00
204,355,739,16056,2023-01-09 11:00:00
205,341,859,16275,2023-01-09 12:00:00
206,293,666,25335,2023-01-09 13:00:00
207,278,643,3677,2023-01-09 14:00:00
208,928,765,1811,2023-01-09 15:00:00
209,160,838,5634,2023-01-09 16:00:00
210,559,706,6540,2023-01-09 17:00:00
211,787,212,5418,2023-01-09 18:00:00
212,28,791,6338,2023-01-09 19:00:00
213,776,19,31185,2023-01-09 20:00:00
214,81,700,2154,2023-01-09 21:00:00
215,732,713,8562,2023-01-09 22:00:00
216,530,933,2241,2023-01-09 23:00:00
217,906,582,36552,2023-01-10 00:00:00
218,906,874,1102,2023-01-10 01:00:00
219,780,468,1935,2023-01-10 02:00:00
220,571,472,5146,2023-01-10 03:00:00
221,278,555,26256,2023-01-10 04:00:00
222,865,763,20550,2023-01-10 05:00:00
223,895,740,10773,2023-01-10 06:00:00
224,452,851,2511,2023-01-10 07:00:00
225,207,191,1225,2023-01-10 08:00:00
226,541,134,42228,2023-01-10 09:00:00
227,154,960,20400,2023-01-10 10:00:00
228,491,499,3725,2023-01-10 11:00:00
229,434,747,9864,2023-01-10 12:00:00
230,645,706,32151,2023-01-10 13:00:00
231,408,570,9846,2023-01-10 14:00:00
232,623,616,1164,2023-01-10 15:00:00
233,805,348,7830,2023-01-10 16:00:00
234,939,902,3408,2023-01-10 17:00:00
235,334,975,2210,2023-01-10 18:00:00
236,80,560,1926,2023-01-10 19:00:00
237,633,664,4086,2023-01-10 20:00:00
238,230,579,19020,2023-01-10 21:00:00
239,795,255,12732,2023-01-10 22:00:00
240,384,887,3938,2023-01-10 23:00:00
241,58,683,32445,2023-01-11 00:00:00
242,169,866,2202,2023-01-11 01:00:00
243,984,261,3780,2023-01-11 02:00:00
244,265,254,7056,2023-01-11 03:00:00
245,678,158,17334,2023-01-11 04:00:00
246,326,402,9090,2023-01-11 05:00:00
247,860,220,19110,2023-01-11 06:00:00
248,518,902,1740,2023-01-11 07:00:00
249,348,882,5019,2023-01-11 08:00:00
250,214,828,12186,2023-01-11 09:00:00
251,187,498,8434,2023-01-11 10:00:00
252,232,152,16569,2023-01-11 11:00:00
253,593,658,44802,2023-01-11 12:00:00
254,565,322,29400,2023-01-11 13:00:00
255,122,735,16500,2023-01-11 14:00:00
256,664,28,264,2023-01-11 15:00:00
257,110,666,34699,2023-01-11 16:00:00
258,12,391,27786,2023-01-11 17:00:00
259,304,686,16401,2023-01-11 18:00:00
260,914,368,12738,2023-01-11 19:00:00
261,584,835,11385,2023-01-11 20:00:00
262,277,681,21282,2023-01-11 21:00:00
263,387,43,35694,2023-01-11 22:00:00
264,106,428,8172,2023-01-11 23:00:00
265,403,238,10917,2023-01-12 00:00:00
266,43,693,10338,2023-01-12 01:00:00
267,112,847,2740,2023-01-12 02:00:00
268,207,321,8276,2023-01-12 03:00:00
269,414,955,5990,2023-01-12 04:00:00
270,497,108,28035,2023-01-12 05:00:00
271,134,348,13698,2023-01-12 06:00:00
272,512,642,33271,2023-01-12 07:00:00
273,437,660,4032,2023-01-12 08:00:00
274,857,41,660,2023-01-12 09:00:00
275,918,867,7195,2023-01-12 10:00:00
276,157,770,5498,2023-01-12 11:00:00
277,254,853,8064,2023-01-12 12:00:00
278,206,71,8494,2023-01-12 13:00:00
279,465,768,2161,2023-01-12 14:00:00
280,30,810,9978,2023-01-12 15:00:00
281,648,597,754,2023-01-12 16:00:00
282,689,961,16472,2023-01-12 17:00:00
283,658,554,22860,2023-01-12 18:00:00
284,458,887,3357,2023-01-12 19:00:00
285,714,474,27621,2023-01-12 20:00:00
286,136,210,12816,2023-01-12 21:00:00
287,886,183,3748,2023-01-12 22:00:00
288,653,272,3055,2023-01-12 23:00:00
289,960,852,34623,2023-01-13 00:00:00
290,430,477,27294,2023-01-13 01:00:00
291,265,868,25732,2023-01-13 02:00:00
292,410,259,454,2023-01-13 03:00:00
293,111,954,9552,2023-01-13 04:00:00
294,736,449,531,2023-01-13 05:00:00
295,610,407,17997,2023-01-13 06:00:00
296,187,513,5140,2023-01-13 07:00:00
297,391,31,14463,2023-01-13 08:00:00
298,124,849,19194,2023-01-13 09:00:00
299,769,765,6525,2023-01-13 10:00:00
300,148,351,7974,2023-01-13 11:00:00
301,713,48,3810,2023-01-13 12:00:00
302,555,597,25452,2023-01-13 13:00:00
303,582,747,9575,2023-01-13 14:00:00
304,506,620,11370,2023-01-13 15:00:00
305,843,656,32242,2023-01-13 16:00:00
306,429,279,10304,2023-01-13 17:00:00
307,11,15,27776,2023-01-13 18:00:00
308,359,731,20920,2023-01-13 19:00:00
309,557,25,3207,2023-01-13 20:00:00
310,635,446,30870,2023-01-13 21:00:00
311,622,406,22890,2023-01-13 22:00:00
312,479,874,9120,2023-01-13 23:00:00
313,991,144,20328,2023-01-14 00:00:00
314,566,435,24615,2023-01-14 01:00:00
315,599,803,14424,2023-01-14 02:00:00
316,718,287,16935,2023-01-14 03:00:00
317,717,732,12536,2023-01-14 04:00:00
318,306,695,14465,2023-01-14 05:00:00
319,160,242,18370,2023-01-14 06:00:00
320,647,836,14406,2023-01-14 07:00:00
321,335,69,15188,2023-01-14 08:00:00
322,166,963,2332,2023-01-14 09:00:00
323,708,232,9423,2023-01-14 10:00:00
324,831,965,2322,2023-01-14 11:00:00
325,156,98,4422,2023-01-14 12:00:00
326,46,847,23562,2023-01-14 13:00:00
327,241,974,19748,2023-01-14 14:00:00
328,746,158,8788,2023-01-14 15:00:00
329,557,528,14829,2023-01-14 16:00:00
330,567,222,3092,2023-01-14 17:00:00
331,182,666,317,2023-01-14 18:00:00
332,545,380,2069,2023-01-14 19:00:00
333,870,582,11244,2023-01-14 20:00:00
334,151,100,8238,2023-01-14 21:00:00
335,511,779,14180,2023-01-14 22:00:00
336,225,256,16188,2023-01-14 23:00:00
337,35,242,9372,2023-01-15 00:00:00
338,495,994,7554,2023-01-15 01:00:00
339,828,424,2457,2023-01-15 02:00:00
340,226,339,16392,2023-01-15 03:00:00
341,715,516,35360,2023-01-15 04:00:00
342,317,325,33432,2023-01-15 05:00:00
343,745,642,424,2023-01-15 06:00:00
344,824,51,11248,2023-01-15 07:00:00
345,446,411,7008,2023-01-15 08:00:00
346,814,331,8568,2023-01-15 09:00:00
347,237,287,18808,2023-01-15 10:00:00
348,773,107,1165,2023-01-15 11:00:00
349,185,992,6396,2023-01-15 12:00:00
350,738,861,426,2023-01-15 13:00:00
351,297,405,27348,2023-01-15 14:00:00
352,990,79,23585,2023-01-15 15:00:00
353,197,306,15316,2023-01-15 16:00:00
354,780,882,2226,2023-01-15 17:00:00
355,800,248,2045,2023-01-15 18:00:00
356,614,968,11802,2023-01-15 19:00:00
357,199,384,16145,2023-01-15 20:00:00
358,345,762,6692,2023-01-15 21:00:00
359,343,302,6660,2023-01-15 22:00:00
360,459,973,14804,2023-01-15 23:00:00
361,455,548,12906,2023-01-16 00:00:00
362,78,477,17865,2023-01-16 01:00:00
363,850,481,12222,2023-01-16 02:00:00
364,367,173,23584,2023-01-16 03:00:00
365,50,590,8190,2023-01-16 04:00:00
366,871,574,7182,2023-01-16 05:00:00
367,269,289,6402,2023-01-16 06:00:00
368,807,966,7456,2023-01-16 07:00:00
369,867,643,32298,2023-01-16 08:00:00
370,48,787,3009,2023-01-16 09:00:00
371,337,983,22059,2023-01-16 10:00:00
372,908,558,13533,2023-01-16 11:00:00
373,403,728,39656,2023-01-16 12:00:00
374,604,78,322,2023-01-16 13:00:00
375,822,463,1115,2023-01-16 14:00:00
376,337,241,23982,2023-01-16 15:00:00
377,39,643,10600,2023-01-16 16:00:00
378,132,91,15208,2023-01-16 17:00:00
379,452,37,26648,2023-01-16 18:00:00
380,589,554,11580,2023-01-16 19:00:00
381,394,981,3623,2023-01-16 20:00:00
382,737,570,2106,2023-01-16 21:00:00
383,923,571,1315,2023-01-16 22:00:00
384,524,571,5960,2023-01-16 23:00:00
385,279,22,24336,2023-01-17 00:00:00
386,573,520,31760,2023-01-17 01:00:00
387,310,297,28584,2023-01-17 02:00:00
388,509,198,8785,2023-01-17 03:00:00
389,635,649,8664,2023-01-17 04:00:00
390,110,235,11784,2023-01-17 05:00:00
391,712,863,1764,2023-01-17 06:00:00
392,746,638,2016,2023-01-17 07:00:00
393,998,816,28992,2023-01-17 08:00:00
394,115,383,12816,2023-01-17 09:00:00
395,548,116,8700,2023-01-17 10:00:00
396,362,646,17920,2023-01-17 11:00:00
397,345,761,20997,2023-01-17 12:00:00
398,700,144,26752,2023-01-17 13:00:00
399,875,805,1790,2023-01-17 14:00:00
400,461,75,8052,2023-01-17 15:00:00
401,818,308,20060,2023-01-17 16:00:00
402,727,380,13878,2023-01-17 17:00:00
403,866,398,1991,2023-01-17 18:00:00
404,578,966,27738,2023-01-17 19:00:00
405,350,622,36896,2023-01-17 20:00:00
406,154,993,10287,2023-01-17 21:00:00
407,855,234,7158,2023-01-17 22:00:00
408,410,8,16828,2023-01-17 23:00:00
409,505,595,5385,2023-01-18 00:00:00
410,705,492,3099,2023-01-18 01:00:00
411,241,2,2067,2023-01-18 02:00:00
412,366,97,7358,2023-01-18 03:00:00
413,679,656,27654,2023-01-18 04:00:00
414,151,393,38144,2023-01-18 05:00:00
415,151,324,600,2023-01-18 06:00:00
416,337,629,5656,2023-01-18 07:00:00
417,974,640,10005,2023-01-18 08:00:00
418,295,543,26361,2023-01-18 09:00:00
419,803,151,34952,2023-01-18 10:00:00
420,868,681,29646,2023-01-18 11:00:00
421,95,982,34200,2023-01-18 12:00:00
422,355,452,7210,2023-01-18 13:00:00
423,947,330,29225,2023-01-18 14:00:00
424,81,581,14607,2023-01-18 15:00:00
425,339,988,30064,2023-01-18 16:00:00
426,314,704,16144,2023-01-18 17:00:00
427,495,203,8048,2023-01-18 18:00:00
428,160,58,14584,2023-01-18 19:00:00
429,668,698,12352,2023-01-18 20:00:00
430,951,6,3238,2023-01-18 21:00:00
431,765,89,3436,2023-01-18 22:00:00
432,902,705,22141,2023-01-18 23:00:00
433,735,413,9522,2023-01-19 00:00:00
434,24,548,3825,2023-01-19 01:00:00
435,656,254,2900,2023-01-19 02:00:00
436,751,126,12810,2023-01-19 03:00:00
437,127,112,11382,2023-01-19 04:00:00
438,270,44,3054,2023-01-19 05:00:00
439,810,884,340,2023-01-19 06:00:00
440,146,33,1880,2023-01-19 07:00:00
441,611,984,3667,2023-01-19 08:00:00
442,170,355,455,2023-01-19 09:00:00
443,901,251,2763,2023-01-19 10:00:00
444,959,43,9231,2023-01-19 11:00:00
445,604,982,35232,2023-01-19 12:00:00
446,43,342,3464,2023-01-19 13:00:00
447,694,388,6120,2023-01-19 14:00:00
448,847,505,23770,2023-01-19 15:00:00
449,777,727,6312,2023-01-19 16:00:00
450,883,163,44307,2023-01-19 17:00:00
451,811,422,8360,2023-01-19 18:00:00
452,933,65,36168,2023-01-19 19:00:00
453,378,903,28740,2023-01-19 20:00:00
454,677,327,20754,2023-01-19 21:00:00
455,538,612,17271,2023-01-19 22:00:00
456,885,304,4156,2023-01-19 23:00:00
457,168,147,999,2023-01-20 00:00:00
458,658,229,627,2023-01-20 01:00:00
459,589,21,4155,2023-01-20 02:00:00
460,491,615,1866,2023-01-20 03:00:00
461,819,403,26736,2023-01-20 04:00:00
462,55,182,2728,2023-01-20 05:00:00
463,274,233,32942,2023-01-20 06:00:00
464,374,874,13104,2023-01-20 07:00:00
465,797,571,4383,2023-01-20 08:00:00
466,227,289,9960,2023-01-20 09:00:00
467,516,345,8073,2023-01-20 10:00:00
468,221,757,615,2023-01-20 11:00:00
469,36,43,13194,2023-01-20 12:00:00
470,772,353,18592,2023-01-20 13:00:00
471,508,442,25564,2023-01-20 14:00:00
472,235,779,2441,2023-01-20 15:00:00
473,473,352,2737,2023-01-20 16:00:00
474,47,220,27672,2023-01-20 17:00:00
475,679,157,4923,2023-01-20 18:00:00
476,662,125,11036,2023-01-20 19:00:00
477,328,357,32914,2023-01-20 20:00:00
478,102,232,2281,2023-01-20 21:00:00
479,275,955,34027,2023-01-20 22:00:00
480,257,601,4080,2023-01-20 23:00:00
481,121,488,5691,2023-01-21 00:00:00
482,984,693,4474,2023-01-21 01:00:00
483,444,963,21147,2023-01-21 02:00:00
484,935,970,18326,2023-01-21 03:00:00
485,910,413,2024,2023-01-21 04:00:00
486,794,455,36176,2023-01-21 05:00:00
487,534,491,6935,2023-01-21 06:00:00
488,409,153,3544,2023-01-21 07:00:00
489,182,920,26341,2023-01-21 08:00:00
490,189,69,6048,2023-01-21 09:00:00
491,338,992,16516,2023-01-21 10:00:00
492,767,161,8553,2023-01-21 11:00:00
493,186,109,3856,2023-01-21 12:00:00
494,276,972,11370,2023-01-21 13:00:00
495,434,839,26425,2023-01-21 14:00:00
496,836,875,7832,2023-01-21 15:00:00
497,10,916,20000,2023-01-21 16:00:00
498,558,205,7060,2023-01-21 17:00:00
499,377,378,7024,2023-01-21 18:00:00
500,93,587,14184,2023-01-21 19:00:00
501,764,984,16849,2023-01-21 20:00:00
502,759,512,21545,2023-01-21 21:00:00
503,999,473,4966,2023-01-21 22:00:00
504,151,421,29070,2023-01-21 23:00:00
505,176,779,31832,2023-01-22 00:00:00
506,362,643,20784,2023-01-22 01:00:00
507,899,383,7560,2023-01-22 02:00:00
508,56,358,10458,2023-01-22 03:00:00
509,584,641,3795,2023-01-22 04:00:00
510,246,774,19030,2023-01-22 05:00:00
511,441,576,4068,2023-01-22 06:00:00
512,123,951,384,2023-01-22 07:00:00
513,846,931,7569,2023-01-22 08:00:00
514,960,681,11787,2023-01-22 09:00:00
515,190,857,10305,2023-01-22 10:00:00
516,975,886,3186,2023-01-22 11:00:00
517,418,375,1710,2023-01-22 12:00:00
518,434,950,3066,2023-01-22 13:00:00
519,418,155,18792,2023-01-22 14:00:00
520,118,33,20226,2023-01-22 15:00:00
521,448,400,9896,2023-01-22 16:00:00
522,242,900,8055,2023-01-22 17:00:00
523,326,163,2704,2023-01-22 18:00:00
524,662,307,35592,2023-01-22 19:00:00
525,410,464,1806,2023-01-22 20:00:00
526,608,691,6224,2023-01-22 21:00:00
527,950,77,706,2023-01-22 22:00:00
528,977,665,30568,2023-01-22 23:00:00
529,21,228,12775,2023-01-23 00:00:00
530,957,83,1056,2023-01-23 01:00:00
531,439,31,21441,2023-01-23 02:00:00
532,423,380,15939,2023-01-23 03:00:00
533,660,471,4734,2023-01-23 04:00:00
534,820,22,24408,2023-01-23 05:00:00
535,939,790,9942,2023-01-23 06:00:00
536,543,154,21800,2023-01-23 07:00:00
537,698,624,115,2023-01-23 08:00:00
538,10,889,3174,2023-01-23 09:00:00
539,950,861,40815,2023-01-23 10:00:00
540,256,61,23744,2023-01-23 11:00:00
541,856,168,21665,2023-01-23 12:00:00
542,955,221,11571,2023-01-23 13:00:00
543,830,186,11016,2023-01-23 14:00:00
544,578,232,19312,2023-01-23 15:00:00
545,258,557,16140,2023-01-23 16:00:00
546,75,923,39375,2023-01-23 17:00:00
547,147,710,1060,2023-01-23 18:00:00
548,746,484,5644,2023-01-23 19:00:00
549,659,44,4590,2023-01-23 20:00:00
550,202,789,21348,2023-01-23 21:00:00
551,284,181,33237,2023-01-23 22:00:00
552,240,600,13816,2023-01-23 23:00:00
553,479,226,8302,2023-01-24 00:00:00
554,409,250,13809,2023-01-24 01:00:00
555,839,498,9364,2023-01-24 02:00:00
556,941,52,25020,2023-01-24 03:00:00
557,841,191,2379,2023-01-24 04:00:00
558,665,168,4107,2023-01-24 05:00:00
559,792,49,10521,2023-01-24 06:00:00
560,661,731,8271,2023-01-24 07:00:00
561,427,880,17696,2023-01-24 08:00:00
562,450,54,13890,2023-01-24 09:00:00
563,390,905,11360,2023-01-24 10:00:00
564,597,965,3084,2023-01-24 11:00:00
565,698,932,19782,2023-01-24 12:00:00
566,892,109,20480,2023-01-24 13:00:00
567,147,224,440,2023-01-24 14:00:00
568,592,186,2952,2023-01-24 15:00:00
569,34,58,15090,2023-01-24 16:00:00
570,252,220,36968,2023-01-24 17:00:00
571,604,656,4340,2023-01-24 18:00:00
572,520,277,3858,2023-01-24 19:00:00
573,714,73,37864,2023-01-24 20:00:00
574,618,4,7677,2023-01-24 21:00:00
575,908,753,11538,2023-01-24 22:00:00
576,982,828,5054,2023-01-24 23:00:00
577,578,733,2061,2023-01-25 00:00:00
578,858,975,12792,2023-01-25 01:00:00
579,431,409,8664,2023-01-25 02:00:00
580,737,743,3608,2023-01-25 03:00:00
581,491,816,43812,2023-01-25 04:00:00
582,528,441,39360,2023-01-25 05:00:00
583,827,711,16408,2023-01-25 06:00:00
584,14,321,15152,2023-01-25 07:00:00
585,466,331,6952,2023-01-25 08:00:00
586,971,347,4284,2023-01-25 09:00:00
587,368,894,6280,2023-01-25 10:00:00
588,256,888,11560,2023-01-25 11:00:00
589,967,244,4458,2023-01-25 12:00:00
590,63,620,7140,2023-01-25 13:00:00
591,927,428,8608,2023-01-25 14:00:00
592,269,941,14373,2023-01-25 15:00:00
593,934,145,15480,2023-01-25 16:00:00
594,310,280,3572,2023-01-25 17:00:00
595,708,742,7200,2023-01-25 18:00:00
596,905,364,34176,2023-01-25 19:00:00
597,403,115,9944,2023-01-25 20:00:00
598,998,955,4968,2023-01-25 21:00:00
599,463,584,576,2023-01-25 22:00:00
600,789,768,35328,2023-01-25 23:00:00
601,576,514,11661,2023-01-26 00:00:00
602,241,638,30436,2023-01-26 01:00:00
603,192,341,7332,2023-01-26 02:00:00
604,24,56,6453,2023-01-26 03:00:00
605,45,905,24472,2023-01-26 04:00:00
606,342,536,1608,2023-01-26 05:00:00
607,645,574,13432,2023-01-26 06:00:00
608,388,588,14238,2023-01-26 07:00:00
609,764,746,3563,2023-01-26 08:00:00
610,636,971,12729,2023-01-26 09:00:00
611,749,197,41544,2023-01-26 10:00:00
612,431,701,37184,2023-01-26 11:00:00
613,928,455,20580,2023-01-26 12:00:00
614,432,608,25884,2023-01-26 13:00:00
615,504,267,12348,2023-01-26 14:00:00
616,597,484,7636,2023-01-26 15:00:00
617,722,99,3017,2023-01-26 16:00:00
618,708,207,985,2023-01-26 17:00:00
619,151,210,9195,2023-01-26 18:00:00
620,530,899,4784,2023-01-26 19:00:00
621,611,245,1683,2023-01-26 20:00:00
622,802,228,6266,2023-01-26 21:00:00
623,691,47,18168,2023-01-26 22:00:00
624,549,940,38799,2023-01-26 23:00:00
625,465,307,4893,2023-01-27 00:00:00
626,507,48,7908,2023-01-27 01:00:00
627,268,337,2666,2023-01-27 02:00:00
628,663,144,16128,2023-01-27 03:00:00
629,399,14,14420,2023-01-27 04:00:00
630,239,859,5784,2023-01-27 05:00:00
631,794,256,11340,2023-01-27 06:00:00
632,191,514,24770,2023-01-27 07:00:00
633,79,587,2727,2023-01-27 08:00:00
634,110,680,40140,2023-01-27 09:00:00
635,407,898,9396,2023-01-27 10:00:00
636,769,104,13164,2023-01-27 11:00:00
637,807,392,21875,2023-01-27 12:00:00
638,584,434,7308,2023-01-27 13:00:00
639,682,397,3336,2023-01-27 14:00:00
640,171,282,736,2023-01-27 15:00:00
641,352,422,7436,2023-01-27 16:00:00
642,445,579,5696,2023-01-27 17:00:00
643,331,971,39576,2023-01-27 18:00:00
644,933,437,41598,2023-01-27 19:00:00
645,26,74,4444,2023-01-27 20:00:00
646,652,903,17874,2023-01-27 21:00:00
647,233,834,25677,2023-01-27 22:00:00
648,220,878,2832,2023-01-27 23:00:00
649,255,561,20293,2023-01-28 00:00:00
650,397,851,14088,2023-01-28 01:00:00
651,489,840,10490,2023-01-28 02:00:00
652,21,918,6728,2023-01-28 03:00:00
653,515,167,19355,2023-01-28 04:00:00
654,683,240,3656,2023-01-28 05:00:00
655,954,680,6972,2023-01-28 06:00:00
656,889,34,1275,2023-01-28 07:00:00
657,395,482,9429,2023-01-28 08:00:00
658,476,856,14976,2023-01-28 09:00:00
659,225,222,18684,2023-01-28 10:00:00
660,392,715,7461,2023-01-28 11:00:00
661,234,475,11106,2023-01-28 12:00:00
662,24,168,19316,2023-01-28 13:00:00
663,477,226,29385,2023-01-28 14:00:00
664,641,354,27906,2023-01-28 15:00:00
665,647,476,17860,2023-01-28 16:00:00
666,327,79,14504,2023-01-28 17:00:00
667,321,863,8700,2023-01-28 18:00:00
668,403,120,33390,2023-01-28 19:00:00
669,765,524,44757,2023-01-28 20:00:00
670,956,971,26880,2023-01-28 21:00:00
671,960,841,2294,2023-01-28 22:00:00
672,670,514,3734,2023-01-28 23:00:00
673,365,483,915,2023-01-29 00:00:00
674,567,676,4275,2023-01-29 01:00:00
675,308,83,13545,2023-01-29 02:00:00
676,779,755,15144,2023-01-29 03:00:00
677,485,411,1780,2023-01-29 04:00:00
678,528,85,23300,2023-01-29 05:00:00
679,212,470,8196,2023-01-29 06:00:00
680,134,70,4164,2023-01-29 07:00:00
681,198,238,3772,2023-01-29 08:00:00
682,5,438,2682,2023-01-29 09:00:00
683,800,581,27936,2023-01-29 10:00:00
684,365,808,13290,2023-01-29 11:00:00
685,230,685,7376,2023-01-29 12:00:00
686,576,739,7282,2023-01-29 13:00:00
687,885,856,30672,2023-01-29 14:00:00
688,332,803,3441,2023-01-29 15:00:00
689,228,507,7040,2023-01-29 16:00:00
690,46,271,2160,2023-01-29 17:00:00
691,346,707,33579,2023-01-29 18:00:00
692,100,854,8127,2023-01-29 19:00:00
693,144,938,10557,2023-01-29 20:00:00
694,634,599,4947,2023-01-29 21:00:00
695,869,586,8304,2023-01-29 22:00:00
696,33,786,35631,2023-01-29 23:00:00
697,412,766,42624,2023-01-30 00:00:00
698,654,156,19264,2023-01-30 01:00:00
699,190,331,15728,2023-01-30 02:00:00
700,615,300,7842,2023-01-30 03:00:00
701,985,170,8140,2023-01-30 04:00:00
702,469,812,7896,2023-01-30 05:00:00
703,131,456,17586,2023-01-30 06:00:00
704,854,34,13746,2023-01-30 07:00:00
705,335,423,5250,2023-01-30 08:00:00
706,714,359,4848,2023-01-30 09:00:00
707,601,584,3965,2023-01-30 10:00:00
708,601,443,600,2023-01-30 11:00:00
709,487,786,5078,2023-01-30 12:00:00
710,21,494,13468,2023-01-30 13:00:00
711,409,889,11879,2023-01-30 14:00:00
712,992,582,1616,2023-01-30 15:00:00
713,561,493,3696,2023-01-30 16:00:00
714,881,604,3113,2023-01-30 17:00:00
715,984,191,8996,2023-01-30 18:00:00
716,43,496,1517,2023-01-30 19:00:00
717,324,150,2261,2023-01-30 20:00:00
718,299,239,42678,2023-01-30 21:00:00
719,661,927,10157,2023-01-30 22:00:00
720,193,214,1592,2023-01-30 23:00:00
721,495,651,4389,2023-01-31 00:00:00
722,807,120,5004,2023-01-31 01:00:00
723,150,117,9954,2023-01-31 02:00:00
724,361,727,2865,2023-01-31 03:00:00
725,178,929,6460,2023-01-31 04:00:00
726,627,411,15276,2023-01-31 05:00:00
727,871,887,1008,2023-01-31 06:00:00
728,857,935,38232,2023-01-31 07:00:00
729,257,569,9336,2023-01-31 08:00:00
730,114,99,10137,2023-01-31 09:00:00
731,763,895,21288,2023-01-31 10:00:00
732,452,620,3690,2023-01-31 11:00:00
733,736,60,14730,2023-01-31 12:00:00
734,112,69,1794,2023-01-31 13:00:00
735,248,612,10530,2023-01-31 14:00:00
736,312,896,6900,2023-01-31 15:00:00
737,364,593,15421,2023-01-31 16:00:00
738,342,618,372,2023-01-31 17:00:00
739,194,375,28742,2023-01-31 18:00:00
740,961,391,24260,2023-01-31 19:00:00
741,761,972,37395,2023-01-31 20:00:00
742,558,232,6006,2023-01-31 21:00:00
743,762,32,4301,2023-01-31 22:00:00
744,409,546,433,2023-01-31 23:00:00
745,309,563,24972,2023-02-01 00:00:00
746,577,695,432,2023-02-01 01:00:00
747,14,882,6272,2023-02-01 02:00:00
748,558,720,25375,2023-02-01 03:00:00
749,264,629,19885,2023-02-01 04:00:00
750,432,236,2664,2023-02-01 05:00:00
751,541,15,11691,2023-02-01 06:00:00
752,878,540,31632,2023-02-01 07:00:00
753,82,203,17968,2023-02-01 08:00:00
754,49,747,38601,2023-02-01 09:00:00
755,897,264,4974,2023-02-01 10:00:00
756,507,974,5409,2023-02-01 11:00:00
757,800,96,19564,2023-02-01 12:00:00
758,173,659,1954,2023-02-01 13:00:00
759,800,397,27181,2023-02-01 14:00:00
760,583,499,8086,2023-02-01 15:00:00
761,143,895,4661,2023-02-01 16:00:00
762,865,538,1356,2023-02-01 17:00:00
763,799,498,27720,2023-02-01 18:00:00
764,799,864,8814,2023-02-01 19:00:00
765,881,570,14616,2023-02-01 20:00:00
766,888,311,30758,2023-02-01 21:00:00
767,249,881,5022,2023-02-01 22:00:00
768,127,254,12880,2023-02-01 23:00:00
769,86,474,4962,2023-02-02 00:00:00
770,187,135,6690,2023-02-02 01:00:00
771,800,776,13496,2023-02-02 02:00:00
772,979,905,9616,2023-02-02 03:00:00
773,408,667,13734,2023-02-02 04:00:00
774,878,492,23592,2023-02-02 05:00:00
775,895,241,21006,2023-02-02 06:00:00
776,224,490,5356,2023-02-02 07:00:00
777,366,338,3578,2023-02-02 08:00:00
778,373,387,20720,2023-02-02 09:00:00
779,948,449,5628,2023-02-02 10:00:00
780,260,498,6024,2023-02-02 11:00:00
781,685,47,6332,2023-02-02 12:00:00
782,985,861,8068,2023-02-02 13:00:00
783,490,468,19620,2023-02-02 14:00:00
784,443,174,14601,2023-02-02 15:00:00
785,758,408,10976,2023-02-02 16:00:00
786,288,828,30992,2023-02-02 17:00:00
787,839,638,7525,2023-02-02 18:00:00
788,804,750,20685,2023-02-02 19:00:00
789,325,797,856,2023-02-02 20:00:00
790,32,434,12735,2023-02-02 21:00:00
791,369,776,10521,2023-02-02 22:00:00
792,526,41,3438,2023-02-02 23:00:00
793,883,113,30730,2023-02-03 00:00:00
794,125,842,22246,2023-02-03 01:00:00
795,623,452,36864,2023-02-03 02:00:00
796,148,260,12084,2023-02-03 03:00:00
797,926,642,16551,2023-02-03 04:00:00
798,570,369,819,2023-02-03 05:00:00
799,421,296,27948,2023-02-03 06:00:00
800,822,8,6678,2023-02-03 07:00:00
801,974,205,29550,2023-02-03 08:00:00
802,402,733,10530,2023-02-03 09:00:00
803,868,173,9668,2023-02-03 10:00:00
804,703,423,10692,2023-02-03 11:00:00
805,176,906,18820,2023-02-03 12:00:00
806,388,397,25184,2023-02-03 13:00:00
807,471,770,3552,2023-02-03 14:00:00
808,123,157,10956,2023-02-03 15:00:00
809,795,327,7736,2023-02-03 16:00:00
810,815,869,22530,2023-02-03 17:00:00
811,205,786,14490,2023-02-03 18:00:00
812,975,893,21249,2023-02-03 19:00:00
813,204,931,7890,2023-02-03 20:00:00
814,559,197,29526,2023-02-03 21:00:00
815,912,620,16645,2023-02-03 22:00:00
816,312,558,2648,2023-02-03 23:00:00
817,181,769,18556,2023-02-04 00:00:00
818,121,449,2536,2023-02-04 01:00:00
819,970,419,11679,2023-02-04 02:00:00
820,910,926,10720,2023-02-04 03:00:00
821,936,705,17130,2023-02-04 04:00:00
822,954,603,11270,2023-02-04 05:00:00
823,10,120,16045,2023-02-04 06:00:00
824,973,702,7326,2023-02-04 07:00:00
825,64,659,4219,2023-02-04 08:00:00
826,932,260,1260,2023-02-04 09:00:00
827,122,500,3684,2023-02-04 10:00:00
828,703,806,14012,2023-02-04 11:00:00
829,377,994,2119,2023-02-04 12:00:00
830,823,306,884,2023-02-04 13:00:00
831,549,624,4370,2023-02-04 14:00:00
832,101,225,41139,2023-02-04 15:00:00
833,328,836,21810,2023-02-04 16:00:00
834,514,738,17875,2023-02-04 17:00:00
835,911,609,5625,2023-02-04 18:00:00
836,300,794,1260,2023-02-04 19:00:00
837,35,245,1767,2023-02-04 20:00:00
838,952,230,5794,2023-02-04 21:00:00
839,276,234,14330,2023-02-04 22:00:00
840,584,287,3128,2023-02-04 23:00:00
841,47,309,24870,2023-02-05 00:00:00
842,21,825,7119,2023-02-05 01:00:00
843,299,594,2436,2023-02-05 02:00:00
844,834,823,10128,2023-02-05 03:00:00
845,843,327,1611,2023-02-05 04:00:00
846,430,557,26955,2023-02-05 05:00:00
847,163,807,23835,2023-02-05 06:00:00
848,444,100,1726,2023-02-05 07:00:00
849,446,986,41769,2023-02-05 08:00:00
850,930,421,12845,2023-02-05 09:00:00
851,899,926,9560,2023-02-05 10:00:00
852,703,195,18768,2023-02-05 11:00:00
853,846,414,29988,2023-02-05 12:00:00
854,747,28,1647,2023-02-05 13:00:00
855,455,677,9616,2023-02-05 14:00:00
856,793,218,10624,2023-02-05 15:00:00
857,28,258,10512,2023-02-05 16:00:00
858,125,803,2446,2023-02-05 17:00:00
859,945,734,369,2023-02-05 18:00:00
860,325,376,19332,2023-02-05 19:00:00
861,523,627,21300,2023-02-05 20:00:00
862,69,13,19988,2023-02-05 21:00:00
863,930,233,10794,2023-02-05 22:00:00
864,788,738,3762,2023-02-05 23:00:00
865,878,535,23240,2023-02-06 00:00:00
866,181,302,6086,2023-02-06 01:00:00
867,480,741,6796,2023-02-06 02:00:00
868,541,246,4753,2023-02-06 03:00:00
869,157,351,2406,2023-02-06 04:00:00
870,181,381,12666,2023-02-06 05:00:00
871,668,739,30624,2023-02-06 06:00:00
872,523,667,15384,2023-02-06 07:00:00
873,609,999,4584,2023-02-06 08:00:00
874,589,650,3318,2023-02-06 09:00:00
875,631,393,4065,2023-02-06 10:00:00
876,806,113,7346,2023-02-06 11:00:00
877,773,104,2598,2023-02-06 12:00:00
878,561,95,22255,2023-02-06 13:00:00
879,286,813,2829,2023-02-06 14:00:00
880,646,811,4547,2023-02-06 15:00:00
881,399,487,27192,2023-02-06 16:00:00
882,845,841,1327,2023-02-06 17:00:00
883,829,79,12444,2023-02-06 18:00:00
884,529,445,4578,2023-02-06 19:00:00
885,344,59,12777,2023-02-06 20:00:00
886,40,590,9519,2023-02-06 21:00:00
887,44,867,1460,2023-02-06 22:00:00
888,750,803,8884,2023-02-06 23:00:00
889,96,599,288,2023-02-07 00:00:00
890,342,513,2784,2023-02-07 01:00:00
891,135,683,2997,2023-02-07 02:00:00
892,532,344,18042,2023-02-07 03:00:00
893,677,693,704,2023-02-07 04:00:00
894,366,950,3224,2023-02-07 05:00:00
895,125,211,6672,2023-02-07 06:00:00
896,370,450,2760,2023-02-07 07:00:00
897,287,854,12201,2023-02-07 08:00:00
898,838,590,4254,2023-02-07 09:00:00
899,874,931,486,2023-02-07 10:00:00
900,923,792,3033,2023-02-07 11:00:00
901,119,974,30264,2023-02-07 12:00:00
902,775,928,31419,2023-02-07 13:00:00
903,858,474,24150,2023-02-07 14:00:00
904,147,393,1431,2023-02-07 15:00:00
905,194,183,24450,2023-02-07 16:00:00
906,86,313,5324,2023-02-07 17:00:00
907,953,765,9205,2023-02-07 18:00:00
908,405,717,4783,2023-02-07 19:00:00
909,911,898,6916,2023-02-07 20:00:00
910,868,853,4232,2023-02-07 21:00:00
911,677,662,14700,2023-02-07 22:00:00
912,285,886,1554,2023-02-07 23:00:00
913,786,289,9498,2023-02-08 00:00:00
914,523,435,6130,2023-02-08 01:00:00
915,27,306,26667,2023-02-08 02:00:00
916,446,10,993,2023-02-08 03:00:00
917,813,696,3744,2023-02-08 04:00:00
918,965,899,2892,2023-02-08 05:00:00
919,379,246,32304,2023-02-08 06:00:00
920,934,793,36008,2023-02-08 07:00:00
921,314,100,13636,2023-02-08 08:00:00
922,643,33,19776,2023-02-08 09:00:00
923,722,419,10563,2023-02-08 10:00:00
924,739,756,8988,2023-02-08 11:00:00
925,269,413,475,2023-02-08 12:00:00
926,630,588,31545,2023-02-08 13:00:00
927,613,977,6956,2023-02-08 14:00:00
928,35,32,14076,2023-02-08 15:00:00
929,147,666,4080,2023-02-08 16:00:00
930,206,259,42777,2023-02-08 17:00:00
931,278,564,31221,2023-02-08 18:00:00
932,538,349,14148,2023-02-08 19:00:00
933,354,527,31230,2023-02-08 20:00:00
934,208,134,2565,2023-02-08 21:00:00
935,466,990,3781,2023-02-08 22:00:00
936,218,198,15172,2023-02-08 23:00:00
937,760,381,2466,2023-02-09 00:00:00
938,534,618,732,2023-02-09 01:00:00
939,254,752,3095,2023-02-09 02:00:00
940,667,91,29904,2023-02-09 03:00:00
941,952,563,13904,2023-02-09 04:00:00
942,378,532,26593,2023-02-09 05:00:00
943,879,978,8505,2023-02-09 06:00:00
944,656,650,16248,2023-02-09 07:00:00
945,205,866,4878,2023-02-09 08:00:00
946,728,100,5768,2023-02-09 09:00:00
947,393,784,33606,2023-02-09 10:00:00
948,805,637,23802,2023-02-09 11:00:00
949,574,179,17360,2023-02-09 12:00:00
950,287,780,972,2023-02-09 13:00:00
951,737,462,6554,2023-02-09 14:00:00
952,267,173,4800,2023-02-09 15:00:00
953,778,567,11871,2023-02-09 16:00:00
954,92,943,8164,2023-02-09 17:00:00
955,381,230,17802,2023-02-09 18:00:00
956,858,57,34832,2023-02-09 19:00:00
957,126,766,7846,2023-02-09 20:00:00
958,915,247,668,2023-02-09 21:00:00
959,156,678,7668,2023-02-09 22:00:00
960,677,644,17780,2023-02-09 23:00:00
961,859,284,1110,2023-02-10 00:00:00
962,126,315,8442,2023-02-10 01:00:00
963,902,313,29880,2023-02-10 02:00:00
964,843,55,19160,2023-02-10 03:00:00
965,943,326,18564,2023-02-10 04:00:00
966,76,922,12756,2023-02-10 05:00:00
967,329,846,6162,2023-02-10 06:00:00
968,338,962,42003,2023-02-10 07:00:00
969,962,951,3567,2023-02-10 08:00:00
970,23,422,24165,2023-02-10 09:00:00
971,468,843,14574,2023-02-10 10:00:00
972,548,506,23184,2023-02-10 11:00:00
973,513,796,741,2023-02-10 12:00:00
974,930,741,10629,2023-02-10 13:00:00
975,600,389,4626,2023-02-10 14:00:00
976,8,146,22488,2023-02-10 15:00:00
977,642,611,20762,2023-02-10 16:00:00
978,614,173,15792,2023-02-10 17:00:00
979,315,706,9960,2023-02-10 18:00:00
980,416,183,15912,2023-02-10 19:00:00
981,564,425,1985,2023-02-10 20:00:00
982,696,214,6944,2023-02-10 21:00:00
983,235,490,2750,2023-02-10 22:00:00
984,684,295,25417,2023-02-10 23:00:00
985,752,812,5836,2023-02-11 00:00:00
986,641,875,5488,2023-02-11 01:00:00
987,42,603,41805,2023-02-11 02:00:00
988,521,76,24164,2023-02-11 03:00:00
989,675,747,12908,2023-02-11 04:00:00
990,618,312,16974,2023-02-11 05:00:00
991,694,483,6058,2023-02-11 06:00:00
992,243,605,3007,2023-02-11 07:00:00
993,178,225,3731,2023-02-11 08:00:00
994,828,857,4292,2023-02-11 09:00:00
995,117,473,1124,2023-02-11 10:00:00
996,493,925,31773,2023-02-11 11:00:00
997,485,7,2629,2023-02-11 12:00:00
998,794,419,3620,2023-02-11 13:00:00
999,417,160,14576,2023-02-11 14:00:00
1000,111,487,9160,2023-02-11 15:00:00
